Date,Donations_USD,Donors
2024-12-06 00:00:00,0,0
2024-12-07 00:00:00,70,5
2024-12-08 00:00:00,20,1
2024-12-09 00:00:00,880,52
2024-12-10 00:00:00,20437,623
2024-12-11,17573,574
2024-12-12,24079,833
2024-12-13,26707,1000
2024-12-14,15787,579
2024-12-15,14369,514
2024-12-16,17010,670
2024-12-17,8927,342
2024-12-18,10572,371
2024-12-19,9336,343
2024-12-20,9114,340
2024-12-21,7975,237
2024-12-22,4227,169
2024-12-23,6190,205
2024-12-24,5227,218
2024-12-25,4441,185
2024-12-26,4551,175
2024-12-27,2672,122
2024-12-28,2179,93
2024-12-29,2379,94
2024-12-30,2028,74
2024-12-31,871,58
2025-01-01,925,51
2025-01-02,1028,49
2025-01-03,1528,34
2025-01-04,635,37
2025-01-05,1610,41
2025-01-06,860,41
2025-01-07,645,27
2025-01-08,340,29
2025-01-09,933,29
2025-01-10,482,25
2025-01-11,258,24
2025-01-12,290,19
2025-01-13,270,21
2025-01-14,440,16
2025-01-15,184,16
2025-01-16,437,20
2025-01-17,584,22
2025-01-18,330,19
2025-01-19,210,13
2025-01-20,248,14
2025-01-21,205,10
2025-01-22,155,10
2025-01-23,197,11
2025-01-24,75,7
2025-01-25,325,12
2025-01-26,122,11
2025-01-27,173,12
2025-01-28,100,9
2025-01-29,182,11
2025-01-30,371,12
2025-01-31,225,10
2025-02-01,430,14
2025-02-02,250,13
2025-02-03,59,5
2025-02-04,4959,168
2025-02-05,13707,355
2025-02-06,11355,364
2025-02-07,12452,285
2025-02-08,8530,338
2025-02-09,10743,343
2025-02-10,13674,428
2025-02-11,40169,1139
2025-02-12,21433,884
2025-02-13,11991,392
2025-02-14,21993,394
2025-02-15,41946,1019
2025-02-16,19815,452
2025-02-17,15505,498
2025-02-18,9616,336
2025-02-19,10589,353
2025-02-20,16163,570
2025-02-21,19384,669
2025-02-22,25470,685
2025-02-23,48376,484
2025-02-24,8174,310
2025-02-25,6558,250
2025-02-26,4885,187
2025-02-27,4261,149
2025-02-28,5403,177
2025-03-01,3172,107
2025-03-02,2443,105
2025-03-03,1607,83
2025-03-04,2929,127
2025-03-05,4995,209
2025-03-06,5606,221
2025-03-07,7412,196
2025-03-08,42391,228
2025-03-09,7954,327
2025-03-10,3678,129
2025-03-11,2889,97
2025-03-12,2107,85
2025-03-13,3213,111
2025-03-14,6056,140
2025-03-15,4000,150
2025-03-16,3544,109
2025-03-17,2039,95
2025-03-18,2073,72
2025-03-19,2125,75
2025-03-20,2554,77
2025-03-21,4670,141
2025-03-22,2198,92
2025-03-23,1413,69
2025-03-24,2479,65
2025-03-25,1565,72
2025-03-26,1888,74
2025-03-27,2744,66
2025-03-28,4398,99
2025-03-29,2818,66
2025-03-30,1334,45
2025-03-31,1539,54
2025-04-01,28355,774
2025-04-02,16703,394
2025-04-03,7675,191
2025-04-04,3904,124
2025-04-05,2175,102
2025-04-06,1347,66
2025-04-07,1932,88
2025-04-08,2124,73
2025-04-09,1249,51
2025-04-10,1387,70
2025-04-11,28391,83
2025-04-12,26492,121
2025-04-13,1913,66
2025-04-14,2367,60
2025-04-15,2164,68
2025-04-16,2842,90
2025-04-17,8768,156
2025-04-18,13864,347
2025-04-19,3814,95
2025-04-20,2045,78
2025-04-21,2358,68
2025-04-22,1407,56
2025-04-23,1605,76
2025-04-24,1529,63
2025-04-25,6098,211
2025-04-26,2841,86
2025-04-27,1386,60
2025-04-28,1193,64
2025-04-29,2013,48
2025-04-30,2057,66
2025-05-01,2392,77
2025-05-02,7186,160
2025-05-03,4362,95
2025-05-04,1812,83
2025-05-05,11696,290
2025-05-06,57704,845
2025-05-07,8816,293
2025-05-08,2074,97
2025-05-09,2125,73
2025-05-10,1452,42
2025-05-11,1046,48
2025-05-12,855,35
2025-05-13,683,29
2025-05-14,960,49
2025-05-15,1815,67
2025-05-16,1464,45
2025-05-17,550,29
2025-05-18,1059,41
2025-05-19,805,31
2025-05-20,2772,47
2025-05-21,1497,44
2025-05-22,6470,43
2025-05-23,796,29
2025-05-24,625,25
2025-05-25,616,30
2025-05-26,1114,38
2025-05-27,1088,28
2025-05-28,730,27
2025-05-29,550,31
2025-05-30,1539,51
2025-05-31,898,35
2025-06-01,702,36
2025-06-02,1127,61
2025-06-03,1467,70
2025-06-04,2587,70
2025-06-05,4483,111
2025-06-06,1140,50
2025-06-07,902,40
2025-06-08,677,31
2025-06-09,1517,34
2025-06-10,950,40
2025-06-11,1807,56
2025-06-12,2236,43
2025-06-13,1226,58
2025-06-14,919,44
2025-06-15,1664,55
2025-06-16,1279,43
2025-06-17,658,33
2025-06-18,655,24
2025-06-19,1683,33
2025-06-20,1136,39
2025-06-21,798,37
2025-06-22,819,27
2025-06-23,888,34
2025-06-24,826,26
2025-06-25,1558,54
2025-06-26,1270,68
2025-06-27,1016,42
2025-06-28,1392,27
2025-06-29,573,24
2025-06-30,436,31
2025-07-01,3120,54
2025-07-02,1324,55
2025-07-03,862,40
2025-07-04,7352,65
2025-07-05,732,34
2025-07-06,2572,91
2025-07-07,966,43
2025-07-08,633,36
2025-07-09,645,47
2025-07-10,1394,46
2025-07-11,316,25
2025-07-12,734,34
2025-07-13,724,30
2025-07-14,401,27
2025-07-15,799,42
2025-07-16,50854,61
2025-07-17,2453,74
2025-07-18,2135,72
2025-07-19,828,35
2025-07-20,894,32
2025-07-21,3997,42
2025-07-22,386,31
2025-07-23,422,25
2025-07-24,1013,22
2025-07-25,582,32
2025-07-26,624,25
2025-07-27,499,33
2025-07-28,1357,37
2025-07-29,919,30
2025-07-30,1239,55
2025-07-31,487,35
2025-08-01,1691,45
2025-08-02,547,35
2025-08-03,388,21
2025-08-04,885,29
2025-08-05,757,46
2025-08-06,580,25
2025-08-07,625,27
2025-08-08,1109,31
2025-08-09,1206,40
2025-08-10,566,18
2025-08-11,923,27
2025-08-12,306,22
2025-08-13,407,30
2025-08-14,899,36
2025-08-15,653,41
2025-08-16,1911,32
2025-08-17,9817,170
2025-08-18,1228,58
2025-08-19,794,32
2025-08-20,1100,36
2025-08-21,613,30
2025-08-22,601,26
2025-08-23,290,22
2025-08-24,705,19
2025-08-25,327,26
2025-08-26,585,33
2025-08-27,775,33
2025-08-28,2330,39
2025-08-29,763,35
2025-08-30,517,29
2025-08-31,2022,31
2025-09-01,959,30
2025-09-02,507,26
2025-09-03,747,41
2025-09-04,1092,37
2025-09-05,1574,39
2025-09-06,515,24
2025-09-07,377,17
2025-09-08,1706,64
2025-09-09,392,30
2025-09-10,967,28
2025-09-11,1173,32
2025-09-12,972,39
2025-09-13,495,26
2025-09-14,1292,32
2025-09-15,2658,60
2025-09-16,4870,234
2025-09-17,3055,109
2025-09-18,1028,36
2025-09-19,1207,27
2025-09-20,939,36
2025-09-21,1404,16
2025-09-22,592,28
2025-09-23,2108,33
2025-09-24,860,22
2025-09-25,690,19
2025-09-26,1195,24
2025-09-27,865,30
2025-09-28,1116,17
2025-09-29,681,19
2025-09-30,571,25
2025-10-01,1768,32
2025-10-02,341,21
2025-10-03,1825,29
2025-10-04,917,28
2025-10-05,427,22
2025-10-06,1021,25
2025-10-07,225,18
2025-10-08,512,25
2025-10-09,1778,36
2025-10-10,2354,46
2025-10-11,10619,33
2025-10-12,508,24
2025-10-13,587,31
2025-10-14,214,20
2025-10-15,4184,37
2025-10-16,562,51
2025-10-17,655,38
2025-10-18,787,25
2025-10-19,396,14
2025-10-20,912,26
2025-10-21,483,20
2025-10-22,497,25
2025-10-23,825,37
2025-10-24,491,24
2025-10-25,968,22
2025-10-26,321,15
2025-10-27,430,18
2025-10-28,398,21